"Guid","AccountId","AssistantName","AssistantPhone","Birthdate","Department","Description","Email","EmailBouncedReason","Fax","FirstName","HomePhone","Jigsaw","LastName","LeadSource","MailingCity","MailingCountry","MailingGeocodeAccuracy","MailingLatitude","MailingLongitude","MailingPostalCode","MailingState","MailingStreet","MobilePhone","OtherCity","OtherCountry","OtherGeocodeAccuracy","OtherLatitude","OtherLongitude","OtherPhone","OtherPostalCode","OtherState","OtherStreet","Phone","Salutation","Title"
1f209b37-7548-45a1-82fe-2318409992bb,"#N/A","#N/A","#N/A","#N/A","#N/A","#N/A","#N/A","#N/A","#N/A",Unav,"#N/A","#N/A",case,"#N/A","#N/A","#N/A","#N/A","#N/A","#N/A","#N/A","#N/A","#N/A","#N/A","#N/A","#N/A","#N/A","#N/A","#N/A","#N/A","#N/A","#N/A","#N/A","#N/A","#N/A","#N/A"
29350976-db7c-49fa-91bd-7de4cdeaecbf,0301b09c-d3bd-475c-9489-71f1c02494cf,"#N/A","#N/A","#N/A","#N/A","#N/A","#N/A","#N/A","#N/A",Nigam,"#N/A","#N/A",Sam,"#N/A","#N/A","#N/A","#N/A","#N/A","#N/A","#N/A","#N/A","#N/A","#N/A","#N/A","#N/A","#N/A","#N/A","#N/A","#N/A","#N/A","#N/A","#N/A","#N/A","#N/A","#N/A"
31ab13c0-5de9-4018-997e-7026f7d3e5ed,"#N/A","#N/A","#N/A","#N/A","#N/A","#N/A","#N/A","#N/A","#N/A",Nigam,"#N/A","#N/A",Sam,"#N/A","#N/A","#N/A","#N/A","#N/A","#N/A","#N/A","#N/A","#N/A","#N/A","#N/A","#N/A","#N/A","#N/A","#N/A","#N/A","#N/A","#N/A","#N/A","#N/A","#N/A","#N/A"
37bb3a83-f94b-456d-9fbe-b0ce9311e934,"#N/A","#N/A","#N/A","#N/A","#N/A","#N/A","#N/A","#N/A","#N/A",Unav,"#N/A","#N/A",case,"#N/A","#N/A","#N/A","#N/A","#N/A","#N/A","#N/A","#N/A","#N/A","#N/A","#N/A","#N/A","#N/A","#N/A","#N/A","#N/A","#N/A","#N/A","#N/A","#N/A","#N/A","#N/A"
3cedfe18-0fa7-41a6-a563-7dc731280806,480437fb-8a91-424d-be68-57d000326f9e,"#N/A","#N/A","#N/A","#N/A","#N/A","#N/A","#N/A","#N/A",Reveal,"#N/A","#N/A",Sam,"#N/A","#N/A","#N/A","#N/A","#N/A","#N/A","#N/A","#N/A","#N/A","#N/A","#N/A","#N/A","#N/A","#N/A","#N/A","#N/A","#N/A","#N/A","#N/A","#N/A","#N/A","#N/A"
588fe1ee-2fe7-4ead-93eb-fa98b8e56159,f847db7f-8236-4059-b451-ec7a8441633d,"#N/A","#N/A","#N/A","#N/A","#N/A","#N/A","#N/A","#N/A",Krish,"#N/A","#N/A",singh,"#N/A","#N/A","#N/A","#N/A","#N/A","#N/A","#N/A","#N/A","#N/A","#N/A","#N/A","#N/A","#N/A","#N/A","#N/A","#N/A","#N/A","#N/A","#N/A","#N/A","#N/A","#N/A"
63754cd7-549b-40b5-8d97-7a23d56b44f4,"#N/A","#N/A","#N/A","#N/A","#N/A","#N/A","#N/A","#N/A","#N/A",Krish,"#N/A","#N/A",singh,"#N/A","#N/A","#N/A","#N/A","#N/A","#N/A","#N/A","#N/A","#N/A","#N/A","#N/A","#N/A","#N/A","#N/A","#N/A","#N/A","#N/A","#N/A","#N/A","#N/A","#N/A","#N/A"
666088fb-114c-456a-9b8d-f5bbd47752e1,324fa442-6586-4602-8187-e9139a605925,"#N/A","#N/A","#N/A","#N/A","#N/A","#N/A","#N/A","#N/A",Reveal,"#N/A","#N/A",Sam,"#N/A","#N/A","#N/A","#N/A","#N/A","#N/A","#N/A","#N/A","#N/A","#N/A","#N/A","#N/A","#N/A","#N/A","#N/A","#N/A","#N/A","#N/A","#N/A","#N/A","#N/A","#N/A"
88622641-d6da-4a70-b77f-6837929fc3a3,"#N/A","#N/A","#N/A","#N/A","#N/A","#N/A","#N/A","#N/A","#N/A",Unav,"#N/A","#N/A",case,"#N/A","#N/A","#N/A","#N/A","#N/A","#N/A","#N/A","#N/A","#N/A","#N/A","#N/A","#N/A","#N/A","#N/A","#N/A","#N/A","#N/A","#N/A","#N/A","#N/A","#N/A","#N/A"
b72205d2-fb18-413a-8aea-570ea9219782,aed8b91b-9fdf-47d6-9701-a650854bc094,"#N/A","#N/A","#N/A","#N/A","#N/A","#N/A","#N/A","#N/A",Nigam,"#N/A","#N/A",Sam,"#N/A","#N/A","#N/A","#N/A","#N/A","#N/A","#N/A","#N/A","#N/A","#N/A","#N/A","#N/A","#N/A","#N/A","#N/A","#N/A","#N/A","#N/A","#N/A","#N/A","#N/A","#N/A"
c1994909-b729-4d35-88bf-60c29dbb9c7d,"#N/A",vghvhg,564544545646,2020-07-09,Testdeoart,"#N/A",vishnu@gmail.com,"#N/A",215165165564,Vishnu,656465456456456,"#N/A",Sharma,Advertisement,Jaipur,India,"#N/A","#N/A","#N/A",302020,rajasthan,Kalyan,54465464654,jaipur,bengal,"#N/A","#N/A","#N/A",554544,302525,punjab,"#N/A",(773) 748-2074,Mr.,"#N/A"
cd7d779e-fdd4-48fb-9611-4d038a3c82ac,"#N/A","#N/A","#N/A","#N/A","#N/A","#N/A","#N/A","#N/A","#N/A",Unav,"#N/A","#N/A",case,"#N/A","#N/A","#N/A","#N/A","#N/A","#N/A","#N/A","#N/A","#N/A","#N/A","#N/A","#N/A","#N/A","#N/A","#N/A","#N/A","#N/A","#N/A","#N/A","#N/A","#N/A","#N/A"
db630b2a-837f-45dc-a135-e4c8a820b3f2,7c16f870-9770-4186-8d43-b4458b4031ab,"#N/A","#N/A","#N/A","#N/A","#N/A","#N/A","#N/A","#N/A",Krish,"#N/A","#N/A",singh,"#N/A","#N/A","#N/A","#N/A","#N/A","#N/A","#N/A","#N/A","#N/A","#N/A","#N/A","#N/A","#N/A","#N/A","#N/A","#N/A","#N/A","#N/A","#N/A","#N/A","#N/A","#N/A"
e266782c-d50b-4da9-92c8-39b28f2474c5,1f73f1b7-15c9-4755-ac2f-58301d3b353b,vghvhg,564544545646,2020-07-09,Testdeoart,"#N/A",vishnu@gmail.com,"#N/A",215165165564,Vishnu,656465456456456,"#N/A",Sharma,Advertisement,Jaipur,India,"#N/A","#N/A","#N/A",302020,rajasthan,Kalyan,54465464654,jaipur,bengal,"#N/A","#N/A","#N/A",554544,302525,punjab,"#N/A",(773) 748-2074,Mr.,"#N/A"
eca49216-5fbb-4d08-8094-9743db3e459b,"#N/A","#N/A","#N/A","#N/A","#N/A","#N/A","#N/A","#N/A","#N/A",Reveal,"#N/A","#N/A",Sam,"#N/A","#N/A","#N/A","#N/A","#N/A","#N/A","#N/A","#N/A","#N/A","#N/A","#N/A","#N/A","#N/A","#N/A","#N/A","#N/A","#N/A","#N/A","#N/A","#N/A","#N/A","#N/A"
